{"_timestamp":1.7466993891995344e+09,"_runtime":419.662837378,"_step":525,"_wandb":{"runtime":420},"train/loss":3.4122610092163086,"epoch":1,"step":526}