{"step":1122,"_wandb":{"runtime":153},"_timestamp":1.7466982842679348e+09,"_runtime":152.080487167,"_step":1121,"train/loss":4.394368648529053,"epoch":1}