{"_step":6499,"train/loss":1.1232337951660156,"epoch":1,"step":6500,"_timestamp":1.7466981153268728e+09,"_wandb":{"runtime":631},"_runtime":630.51128821}