{"_wandb":{"runtime":384},"_step":485,"train/loss":4.554783821105957,"epoch":1,"step":486,"_timestamp":1.7466987177969594e+09,"_runtime":383.168274484}